City_ID,City,Lat,Lng,Max Temp,Humidity,Cloudiness,Wind Speed,Country,Date
0,margaret river,-33.95,115.0667,48.74,89,100,7.81,AU,1731004326
1,atafu village,-8.5421,-172.5159,83.71,65,6,11.14,TK,1731004327
2,longyearbyen,78.2186,15.6401,33.64,75,75,13.8,SJ,1731004413
3,puerto natales,-51.7236,-72.4875,46.85,61,100,8.05,CL,1731004415
4,iqaluit,63.7506,-68.5145,19.13,79,75,15.01,CA,1731004213
5,klyuchi,52.2667,79.1667,30.07,58,100,25.17,RU,1731004417
6,howrah,22.5892,88.3103,78.8,78,40,4.61,IN,1731004418
7,constantia,44.1833,28.65,43.7,35,0,3.96,RO,1731004419
8,port alfred,-33.5906,26.891,63.18,79,100,3.0,ZA,1731004420
9,ribeira grande,38.5167,-28.7,68.4,68,20,25.99,PT,1731004421
10,port-aux-francais,-49.35,70.2167,39.54,86,100,26.91,TF,1731004422
11,adamstown,-25.066,-130.1015,71.85,87,100,11.74,PN,1731004424
12,saipan,15.1355,145.701,81.3,92,75,13.8,MP,1731004425
13,isafjordur,66.0755,-23.124,39.24,70,75,51.79,IS,1731004426
14,mustafakemalpasa,40.0353,28.4117,47.98,77,0,1.43,TR,1731004427
15,hawaiian paradise park,19.5933,-154.9731,74.88,89,20,3.44,US,1731004428
16,blackmans bay,-43.0167,147.3167,51.93,82,95,9.78,AU,1731004429
17,al jawf,29.5,38.75,64.31,56,10,16.82,SA,1731004430
18,alofi,-19.0595,-169.9187,67.89,94,40,1.14,NU,1731004431
19,princeville,45.7668,-61.2985,45.63,72,100,21.85,CA,1731004432
20,edinburgh of the seven seas,-37.0676,-12.3116,58.89,87,47,3.67,SH,1731004435
21,vadso,70.0744,29.7487,41.16,87,40,16.11,NO,1731004436
22,wailua homesteads,22.0669,-159.378,75.99,79,75,26.46,US,1731004437
23,bethel,41.3712,-73.414,71.69,46,0,12.66,US,1731004438
24,sandnessjoen,66.0217,12.6316,50.11,100,75,20.71,NO,1731004441
25,sayat,38.7839,63.8803,49.6,35,5,5.79,TM,1731004442
26,cova figueira,14.8905,-24.2934,69.82,76,32,13.13,CV,1731004443
27,west island,-12.1568,96.8225,80.58,83,100,18.41,CC,1731004444
28,rawson,-43.3002,-65.1023,70.09,21,0,29.93,AR,1731004150
29,bazarnyye mataki,54.8833,49.9333,29.91,95,100,7.09,RU,1731004447
30,peace river,56.2501,-117.286,43.11,70,100,5.75,CA,1731004448
31,happy valley-goose bay,53.3168,-60.3315,39.51,65,100,10.36,CA,1731004449
32,acajutla,13.5928,-89.8275,82.35,75,100,2.64,SV,1731004450
33,galle,6.0367,80.217,79.43,86,65,8.63,LK,1731004452
34,vegreville,53.5001,-112.0518,52.34,55,28,6.91,CA,1731004454
35,pindi gheb,33.2402,72.2661,73.89,34,9,5.06,PK,1731004455
36,grytviken,-54.2811,-36.5092,27.5,75,18,12.59,GS,1731004456
37,aasiaat,68.7098,-52.8699,0.75,87,100,9.35,GL,1731004457
38,la'ie,21.6477,-157.9253,76.39,74,69,8.99,US,1731004458
39,san patricio,28.017,-97.5169,87.75,59,49,14.88,US,1731004459
40,hamilton,39.1834,-84.5333,62.94,68,40,9.22,US,1731004461
41,suwayr,30.1171,40.3893,61.99,72,2,14.65,SA,1731004462
42,umm kaddadah,13.6017,26.6876,78.4,21,0,15.26,SD,1731004463
43,petropavlovsk-kamchatsky,53.0452,158.6483,12.79,67,0,6.71,RU,1731004464
44,east london,-33.0153,27.9116,61.74,72,0,6.91,ZA,1731004465
45,geraldton,-28.7667,114.6,63.01,82,100,13.8,AU,1731004466
46,lhasa,29.65,91.1,30.27,39,0,4.85,CN,1731004467
47,bandarbeyla,9.4942,50.8122,80.31,75,0,14.18,SO,1731004468
48,uturoa,-16.7333,-151.4333,80.69,79,2,5.3,PF,1731004469
49,stanley,54.868,-1.6985,48.52,94,75,11.5,GB,1731004470
50,orchard homes,46.8633,-114.0484,41.59,57,0,1.01,US,1731004472
51,kupang,-10.1667,123.5833,82.98,94,67,5.75,ID,1731004434
52,mount isa,-20.7333,139.5,73.17,56,73,0.0,AU,1731004474
53,trincomalee,8.5711,81.2335,83.64,77,80,10.76,LK,1731004475
54,kitee,62.1,30.15,38.82,92,29,9.15,FI,1731004476
55,baoding,38.8511,115.4903,48.02,59,12,2.93,CN,1731004477
56,puerto armuelles,8.2833,-82.8667,75.09,92,100,4.0,PA,1731004478
57,bredasdorp,-34.5322,20.0403,62.04,73,100,19.3,ZA,1731004479
58,samana,19.2056,-69.3369,79.02,100,75,0.0,DO,1731004481
59,kulu,39.0951,33.0799,42.55,42,0,8.01,TR,1731004482
60,invercargill,-46.4,168.35,59.02,86,100,2.24,NZ,1731004483
61,san andres,12.5847,-81.7006,89.62,70,40,6.91,CO,1731004381
62,igrim,63.1906,64.4162,9.09,97,28,3.6,RU,1731004336
63,olonkinbyen,70.9221,-8.7187,36.19,95,100,24.18,SJ,1731004486
64,puerto ayora,-0.7393,-90.3518,73.06,68,90,10.85,EC,1731004487
65,waitangi,-43.9535,-176.5597,57.81,84,21,5.99,NZ,1731004488
66,cedral,23.8,-100.7333,78.96,33,99,9.37,MX,1731004489
67,kushiro,42.975,144.3747,31.15,80,4,6.91,JP,1731004383
68,al hazm,16.1641,44.7769,75.45,25,0,11.99,YE,1731004492
69,dudinka,69.4058,86.1778,-4.58,100,74,2.98,RU,1731004493
70,albany,42.6001,-73.9662,59.65,60,23,4.0,US,1731004458
71,remire-montjoly,4.9167,-52.2667,91.44,58,20,16.11,GF,1731004198
72,papatowai,-46.5619,169.4708,57.67,86,100,3.38,NZ,1731004496
73,yellowknife,62.456,-114.3525,21.72,86,100,12.66,CA,1731004497
74,port lincoln,-34.7333,135.8667,58.95,72,100,19.26,AU,1731004498
75,nampula,-15.1165,39.2666,76.95,78,20,8.05,MZ,1731004499
76,ust-nera,64.5667,143.2,-22.92,98,79,1.43,RU,1731004500
77,guerrero negro,27.9769,-114.0611,72.36,33,0,5.75,MX,1731004501
78,ngetkib,7.3645,134.5148,79.05,89,75,4.61,PW,1731004502
79,bubaque,11.2833,-15.8333,83.37,68,0,9.62,GW,1731004504
80,abepura,-2.6333,140.5833,76.01,100,40,1.14,ID,1731004505
81,asosa,10.0667,34.5333,63.73,78,1,5.44,ET,1731004506
82,balsas,-7.5325,-46.0356,98.53,26,100,8.05,BR,1731004507
83,jeremoabo,-10.075,-38.4808,94.24,24,79,9.37,BR,1731004508
84,ilulissat,69.2167,-51.1,12.22,57,40,0.0,GL,1731004509
85,qaqortoq,60.7167,-46.0333,22.19,69,88,10.22,GL,1731004510
86,santyoku,37.4406,129.1708,49.23,81,0,5.95,KR,1731004512
87,hajnowka,52.7433,23.5812,39.02,90,84,1.01,PL,1731004514
88,la passe,45.5549,-0.8967,59.79,82,6,8.28,FR,1731004515
89,berezovo,63.9381,65.0419,5.07,95,21,4.65,RU,1731004516
90,ad dabbah,18.05,30.95,76.95,24,0,12.48,SD,1731004517
91,gizo,-8.103,156.8419,81.86,78,100,3.6,SB,1731004518
92,aldan,58.6031,125.3894,9.54,97,100,4.79,RU,1731004519
93,boguchany,58.3814,97.4531,28.8,72,87,9.82,RU,1731004521
94,avarua,-21.2078,-159.775,75.25,64,20,3.44,CK,1731004451
95,kingston,17.997,-76.7936,86.95,70,20,9.22,JM,1731004361
96,praia da vitoria,38.7333,-27.0667,66.45,68,20,22.06,PT,1731004524
97,bari,41.1177,16.8512,60.19,82,20,4.61,IT,1731004525
98,mogocha,53.7333,119.7667,3.54,98,61,2.26,RU,1731004527
99,canyon,34.9803,-101.9188,50.52,91,100,11.01,US,1731004528
100,zaozersk,69.4005,32.4476,37.2,88,100,17.2,RU,1731004529
101,thompson,55.7435,-97.8558,37.56,87,75,14.97,CA,1731004530
102,chibougamau,49.9168,-74.3659,29.82,93,100,6.91,CA,1731004531
103,kargasok,59.0556,80.8572,25.83,93,99,10.42,RU,1731004533
104,tiksi,71.6872,128.8694,0.21,96,90,5.93,RU,1731004534
105,cidade velha,14.9167,-23.6167,81.46,66,6,3.78,CV,1731004535
106,aranyaprathet,13.6928,102.5013,71.76,90,88,6.67,TH,1731004536
107,tsiombe,-25.3,45.4833,72.43,92,22,3.96,MG,1731004537
108,cannonvale,-20.2833,148.7,74.59,83,14,7.56,AU,1731004538
109,shinas,24.7433,56.4658,83.01,50,0,2.33,OM,1731004539
110,palikir - national government center,6.9248,158.1611,83.14,74,75,11.5,FM,1731004540
111,bilibino,68.0546,166.4372,-11.7,100,100,0.72,RU,1731004336
112,naze,28.3667,129.4833,68.92,76,99,19.35,JP,1731004544
113,isangel,-19.55,169.2667,73.69,83,30,9.84,VU,1731004545
114,port saint john's,-31.6229,29.5448,63.77,85,100,9.55,ZA,1731004547
115,san luis de la loma,17.2706,-100.8939,85.53,70,36,6.35,MX,1731004549
116,badger,64.8,-147.5333,22.35,79,100,6.91,US,1731004550
117,san luis,-33.295,-66.3356,79.81,32,100,5.14,AR,1731004552
118,isabela,6.7085,121.9711,78.85,88,100,2.68,PH,1731004553
119,maracaju,-21.6144,-55.1683,82.65,70,99,10.78,BR,1731004554
120,bamboo flat,11.7,92.7167,77.09,100,75,1.14,IN,1731004555
121,ust'-kulom,61.6864,53.6902,18.59,99,85,2.17,RU,1731004556
122,ushuaia,-54.8,-68.3,47.86,53,75,16.11,AR,1731004464
123,"laikit, laikit ii (dimembe)",1.4792,124.9735,70.65,100,20,1.14,ID,1731004558
124,nadym,65.5333,72.5167,4.73,96,91,7.23,RU,1731004559
125,colonia,50.9333,6.95,45.97,86,100,4.61,DE,1731004545
126,utrik,11.2278,169.8474,82.02,82,100,22.66,MH,1731004562
127,keren,15.7778,38.4581,71.42,67,0,6.17,ER,1731004563
128,asau,46.4333,26.4,45.14,50,11,4.45,RO,1731004564
129,carutapera,-1.195,-46.02,84.67,63,89,12.62,BR,1731004565
130,enewetak,11.3474,162.3373,83.14,80,100,20.02,MH,1731004566
131,la maddalena,41.2142,9.4083,64.63,83,100,8.88,IT,1731004567
132,ancud,-41.8697,-73.8203,51.35,67,100,9.95,CL,1731004568
133,verkhnevilyuysk,63.4453,120.3167,-1.48,100,62,2.15,RU,1731004569
134,yangshuo,24.7808,110.4897,58.3,65,5,3.36,CN,1731004570
135,kodiak,57.79,-152.4072,42.31,87,100,21.85,US,1731004571
136,alaghsas,17.0187,8.0168,80.49,18,0,10.36,NE,1731004573
137,sinabang,2.4803,96.3801,79.05,82,100,1.99,ID,1731004574
138,afif,23.9065,42.9172,77.05,28,100,11.25,SA,1731004575
139,taulaga,-11.0553,-171.0883,82.98,71,1,5.79,AS,1731004577
140,salekhard,66.53,66.6019,6.17,89,36,7.34,RU,1731004578
141,la gi,10.6667,107.7833,76.64,83,100,5.91,VN,1731004580
142,udachny,66.4167,112.4,-1.97,100,100,6.22,RU,1731004581
143,morehead,37.2711,-87.1764,58.75,94,100,4.61,US,1731004582
144,northam,51.0333,-4.2167,53.62,90,56,16.55,GB,1731004583
145,port mathurin,-19.6833,63.4167,74.84,82,26,20.69,MU,1731004584
146,floro,61.5996,5.0328,51.76,87,75,11.5,NO,1731004304
147,makurazaki,31.2667,130.3167,61.48,77,63,10.0,JP,1731004586
148,great falls,47.5002,-111.3008,50.45,43,0,24.16,US,1731004587
149,singkil,-7.9855,111.4161,79.0,84,96,1.59,ID,1731004589
150,laramie,41.3114,-105.5911,31.55,51,0,3.44,US,1731004333
151,ain el bya,35.8039,-0.3018,67.8,85,14,6.13,DZ,1731004591
152,poshekhon'ye,58.4993,39.1353,37.2,95,100,12.62,RU,1731004592
153,anloga,5.7947,0.8973,82.54,73,85,8.14,GH,1731004593
154,belmar,40.1785,-74.0218,77.34,49,0,8.05,US,1731004594
155,tolanaro,-25.0319,46.9987,77.07,83,40,16.11,MG,1731004595
156,grand falls-windsor,48.9332,-55.6649,40.01,72,100,13.65,CA,1731004597
157,whitehorse,60.7161,-135.0538,22.01,86,100,2.3,CA,1731004324
158,alappuzha,9.49,76.3264,79.97,81,98,1.72,IN,1731004599
159,alice springs,-23.7,133.8833,65.75,68,5,3.44,AU,1731004338
160,korla,41.7597,86.1469,53.65,44,100,7.61,CN,1731004601
161,santiago papasquiaro,25.046,-105.4208,78.39,31,84,15.61,MX,1731004603
162,ito,34.9667,139.0833,49.68,83,100,12.44,JP,1731004604
163,archangelos,36.2149,28.1149,65.3,71,0,3.6,GR,1731004605
164,shakawe,-18.3667,21.85,73.45,68,100,2.8,BW,1731004606
165,krasnoyarskaya,47.6501,42.0443,46.92,76,100,4.27,RU,1731004607
166,dabakala,8.3667,-4.4333,77.52,45,36,2.86,CI,1731004608
167,santa elena de uairen,4.6167,-61.1333,82.24,47,79,4.85,VE,1731004610
168,marsa alam,25.0757,34.8918,74.62,73,0,7.94,EG,1731004612
169,richards bay,-28.783,32.0377,63.91,85,100,2.59,ZA,1731004613
170,senanga,-16.1167,23.2667,78.57,48,75,6.02,ZM,1731004614
171,bouarfa,32.53,-1.95,63.7,38,1,4.43,MA,1731004615
172,punta arenas,-53.15,-70.9167,50.11,43,0,6.91,CL,1731004565
173,sorgun,39.8101,35.186,38.16,64,0,6.76,TR,1731004618
174,khonsa,27.0167,95.5667,64.38,80,100,5.03,IN,1731004619
175,kone,-21.0595,164.8658,71.58,79,45,3.49,NC,1731004620
176,hermanus,-34.4187,19.2345,63.81,71,100,15.88,ZA,1731004621
177,wynyard,-41.0,145.7167,54.41,84,100,1.99,AU,1731004622
178,sungai penuh,-2.0833,101.3833,65.37,92,100,2.19,ID,1731004623
179,fale old settlement,-9.3852,-171.2468,83.5,69,28,12.12,TK,1731004624
180,shache,38.4167,77.2406,51.03,33,0,1.45,CN,1731004625
181,stowmarket,52.1889,0.9977,51.22,83,100,10.36,GB,1731004626
182,say,13.1007,2.3689,83.16,22,5,7.76,NE,1731004628
183,crane,31.3974,-102.3501,64.8,41,22,10.02,US,1731004629
184,hinton,53.4001,-117.5857,38.84,78,100,8.75,CA,1731004631
185,anaconda,46.1285,-112.9423,50.29,48,3,1.32,US,1731004632
186,tannum sands,-23.9504,151.3693,75.09,83,11,11.5,AU,1731004633
187,dunedin,-45.8742,170.5036,60.8,70,100,1.01,NZ,1731004634
188,st. john's,47.5649,-52.7093,43.29,76,75,17.27,CA,1731004635
189,redkino,56.6475,36.2967,40.3,87,100,8.19,RU,1731004636
190,nemuro,43.3236,145.575,39.27,72,39,9.31,JP,1731004637
191,sao gabriel da cachoeira,-0.1303,-67.0892,91.2,58,20,4.61,BR,1731004638
192,taltal,-25.4,-70.4833,64.45,70,27,3.58,CL,1731004640
193,rosario do sul,-30.2583,-54.9142,67.46,86,100,16.46,BR,1731004641
194,college,64.8569,-147.8028,22.44,83,75,6.91,US,1731004642
195,radviliskis,55.8167,23.5333,44.65,100,100,5.75,LT,1731004644
196,sovetskaya gavan',48.9723,140.2878,21.56,48,12,11.65,RU,1731004645
197,rio grande,-32.035,-52.0986,66.33,93,100,27.54,BR,1731004646
198,saint croix,17.7397,-64.7388,82.85,88,75,4.61,VI,1731004647
199,hammerfest,70.6634,23.6821,45.05,81,75,11.5,NO,1731004648
200,lloydminster,53.2835,-110.0016,48.42,61,75,10.36,CA,1731004649
201,port elizabeth,-33.918,25.5701,63.32,83,0,16.11,ZA,1731004650
202,aswan,24.0934,32.907,78.1,23,0,4.61,EG,1731004652
203,coahuayana de hidalgo,18.7,-103.6583,87.46,62,100,6.31,MX,1731004653
204,wotho,10.1657,166.0102,81.54,82,100,15.14,MH,1731004654
205,villa gesell,-37.2639,-56.973,55.78,57,0,19.57,AR,1731004655
206,kerimaki,61.9167,29.2833,39.15,93,75,11.5,FI,1731004656
207,kourou,5.1552,-52.6478,85.95,65,37,12.1,GF,1731004657
208,mossel bay,-34.1831,22.146,60.73,79,99,29.19,ZA,1731004658
209,forest,37.3638,-79.2897,83.5,52,0,4.61,US,1731004652
210,as safirah,36.077,37.3725,63.25,43,3,6.35,SY,1731004660
211,midland,31.9974,-102.0779,62.65,48,100,6.91,US,1731004468
212,visakhapatnam,17.69,83.2093,80.49,94,20,6.91,IN,1731004662
213,altamira,-3.2033,-52.2064,95.09,49,40,6.91,BR,1731004664
214,chonchi,-42.6128,-73.8092,61.12,70,89,4.68,CL,1731004665
215,kavaratti,10.5669,72.642,82.72,71,36,3.87,IN,1731004666
216,guerrero,17.6667,-100.0,79.97,59,50,4.14,MX,1731004667
217,papao,-17.75,-149.55,78.48,78,9,4.34,PF,1731004669
218,hadibu,12.65,54.0333,79.56,84,100,8.86,YE,1731004672
219,keflavik,64.0049,-22.5624,41.43,87,75,26.46,IS,1731004673
220,nungua,5.6011,-0.0771,81.01,83,75,6.91,GH,1731004674
221,bikenibeu village,1.3673,173.1241,82.36,83,40,5.75,KI,1731004675
222,ataq,14.5377,46.8319,73.17,68,5,5.73,YE,1731004676
223,sinop,41.7711,34.8709,42.78,67,0,4.09,TR,1731004677
224,pacasmayo,-7.4006,-79.5714,70.27,74,34,12.17,PE,1731004678
225,agat village,13.3886,144.6585,81.54,89,75,6.91,GU,1731004679
226,kapuskasing,49.4169,-82.4331,42.89,87,100,16.11,CA,1731004382
227,flying fish cove,-10.4217,105.6791,78.48,88,100,6.91,CX,1731004682
228,afaahiti,-17.75,-149.2833,78.13,85,20,8.59,PF,1731004683
229,woolgoolga,-30.1106,153.2007,71.47,94,62,6.89,AU,1731004686
230,narvik,68.4384,17.4272,48.81,97,100,6.4,NO,1731004687
231,cascavel,-24.9558,-53.4553,65.8,94,75,11.5,BR,1731004575
232,malanje,-9.5402,16.341,66.11,93,74,3.15,AO,1731004691
233,saudarkrokur,65.7461,-19.6394,39.43,83,100,40.38,IS,1731004692
234,anna regina,7.2644,-58.5077,86.32,64,55,9.86,GY,1731004693
235,opuwo,-18.0607,13.84,75.85,35,51,10.02,NA,1731004694
236,labasa,-16.4167,179.3833,75.72,78,69,8.28,FJ,1731004695
237,portland,45.5234,-122.6762,57.02,60,7,13.0,US,1731004697
238,ceeldheer,3.8488,47.1806,78.96,82,22,9.33,SO,1731004699
239,cheremukhovo,60.3484,59.9851,8.31,96,17,3.27,RU,1731004700
240,deir ez-zor,35.3359,40.1408,64.17,44,0,5.03,SY,1731004701
241,rupert,42.6191,-113.6772,35.55,51,0,0.0,US,1731004458
242,dryden,49.7833,-92.7503,44.89,53,20,20.71,CA,1731004703
243,codrington,-38.2667,141.9667,52.66,74,91,17.43,AU,1731004704
244,saint-pierre,-21.3393,55.4781,74.88,69,0,4.61,RE,1731004705
245,baruun-urt,46.6806,113.2792,22.68,84,6,1.63,MN,1731004707
246,qui nhon,13.7667,109.2333,75.09,87,100,15.21,VN,1731004708
247,faya-largeau,17.9257,19.1043,74.21,23,0,14.29,TD,1731004709
248,kill devil hills,36.0307,-75.676,75.97,75,0,3.44,US,1731004710
249,sassandra,4.95,-6.0833,78.22,85,39,6.04,CI,1731004711
250,tralee,52.2704,-9.7026,59.25,88,100,6.91,IE,1731004712
251,toliara,-23.35,43.6667,75.92,78,2,14.32,MG,1731004713
252,kosh-agach,50.0,88.6667,18.19,70,73,2.93,RU,1731004714
253,verona,45.4167,11.0333,43.11,100,19,2.3,IT,1731003914
254,carnarvon,-24.8667,113.6333,67.77,75,29,24.94,AU,1731004716
255,novyy turtkul',41.55,61.0167,41.76,77,5,12.39,UZ,1731004718
256,hays,30.0502,-98.0336,80.56,81,44,15.41,US,1731004719
257,penonome,8.5167,-80.3667,82.0,78,100,4.0,PA,1731004720
258,waitara,-38.925,174.25,57.0,91,24,10.16,NZ,1731004722
259,jackson,42.4165,-122.8345,46.27,57,0,0.0,US,1731004458
260,haiku-pauwela,20.9219,-156.3051,77.16,83,40,16.11,US,1731004724
261,mount gambier,-37.8333,140.7667,51.39,94,92,16.75,AU,1731004725
262,antsiranana,-12.2787,49.2917,76.44,77,3,16.02,MG,1731004726
263,narasannapeta,18.4167,84.05,74.79,84,11,6.2,IN,1731004728
264,huanta,-12.9333,-74.25,77.4,11,100,0.43,PE,1731004729
265,pathein,16.7833,94.7333,68.88,97,100,9.4,MM,1731004730
266,argo,37.6333,22.7333,52.36,59,0,5.66,GR,1731004731
267,la pila,22.05,-100.8667,80.28,32,97,4.63,MX,1731004732
268,dubai,25.2582,55.3047,85.93,66,0,3.44,AE,1731004267
269,thinadhoo,0.5333,72.9333,82.69,75,47,11.9,MV,1731004734
270,ola,59.5833,151.2833,11.66,94,100,9.62,RU,1731004735
271,hirara,24.8,125.2833,75.47,94,100,17.27,JP,1731004736
272,radovis,41.6383,22.4647,46.8,72,18,3.8,MK,1731004592
273,gadzhiyevo,69.2551,33.3362,37.92,92,100,12.15,RU,1731004738
274,worland,44.0169,-107.9554,40.89,48,0,8.05,US,1731004740
275,murray bridge,-35.1167,139.2667,55.51,63,6,10.89,AU,1731004741
276,island harbour,50.724,-1.2758,53.01,69,100,5.01,GB,1731004742
277,sel'tso,53.3675,34.1,43.25,88,100,6.55,RU,1731004743
278,zhangjiakou,40.81,114.8794,41.88,63,99,2.28,CN,1731004744
279,cabo san lucas,22.8909,-109.9124,80.91,53,20,8.05,MX,1731004536
280,new norfolk,-42.7826,147.0587,49.71,90,88,2.57,AU,1731004746
281,talnakh,69.4865,88.3972,0.91,97,95,3.56,RU,1731004747
282,rampur,28.8167,79.0333,69.51,45,0,4.34,IN,1731004748
283,zemio,5.0314,25.1361,76.1,76,97,3.47,CF,1731004750
284,poronaysk,49.2167,143.1167,25.38,66,4,8.77,RU,1731004751
285,grajewo,53.6473,22.4554,40.51,83,100,3.74,PL,1731004527
286,miches,18.9836,-69.0476,80.67,84,100,10.11,DO,1731004753
287,merizo village,13.2658,144.6691,81.16,89,88,13.58,GU,1731004754
288,tabou,4.423,-7.3528,78.04,84,51,5.88,CI,1731004755
289,kununurra,-15.7667,128.7333,82.38,78,22,5.75,AU,1731004756
290,nova sintra,14.8667,-24.7167,78.28,80,31,19.17,CV,1731004757
291,huarmey,-10.0681,-78.1522,71.06,74,11,10.45,PE,1731004759
292,pemangkat,1.1667,108.9667,75.72,91,100,7.47,ID,1731004760
293,kidal,18.4411,1.4078,77.63,17,0,9.75,ML,1731004761
294,jamestown,42.097,-79.2353,52.02,75,100,8.05,US,1731004171
295,minas de marcona,-15.2119,-75.1103,66.79,54,95,18.81,PE,1731004763
296,piuma,-20.8378,-40.7219,78.96,78,18,19.91,BR,1731004764
297,maasim,5.8575,125.0061,80.69,80,75,6.15,PH,1731004765
298,pinarbasi,38.7229,36.3931,37.18,39,0,5.3,TR,1731004766
299,georgetown,5.4112,100.3354,82.33,87,20,3.44,MY,1731004366
300,copiapo,-27.3667,-70.3333,82.04,28,0,10.56,CL,1731004768
301,sitka,57.0531,-135.33,44.49,87,100,8.05,US,1731004556
302,vorgashor,67.5833,63.95,13.91,96,100,10.85,RU,1731004771
303,yantzaza,-3.8278,-78.7594,95.14,32,96,4.52,EC,1731004772
304,vilyuchinsk,52.9306,158.4028,14.27,77,7,7.49,RU,1731004773
305,fortuna,40.5982,-124.1573,58.12,47,0,0.0,US,1731004774
306,sisimiut,66.9395,-53.6735,14.85,68,94,8.9,GL,1731004775
307,jiagedaqi,50.4167,124.1167,10.02,92,20,2.42,CN,1731004776
308,kalabo,-14.97,22.6814,75.2,59,44,7.18,ZM,1731004777
309,luang namtha,20.9497,101.4011,65.91,97,100,2.1,LA,1731004778
310,leeton,-34.5667,146.4,51.1,94,1,7.47,AU,1731004779
311,lata,40.1629,-8.3327,60.08,76,100,4.09,PT,1731004780
312,broome,42.2506,-75.833,55.67,64,100,10.36,US,1731004782
313,kenai,60.5544,-151.2583,39.29,74,100,10.36,US,1731004524
314,cidreira,-30.1811,-50.2056,73.81,91,100,7.16,BR,1731004642
315,planaltina,-15.4528,-47.6142,75.61,74,94,4.72,BR,1731004785
316,huetamo de nunez,18.5833,-100.8833,92.32,48,6,2.51,MX,1731004786
317,kargopol',61.5071,38.9456,38.39,92,100,10.45,RU,1731004787
318,kuna,43.4918,-116.4201,45.21,54,0,6.91,US,1731004529
319,birao,10.2849,22.7882,77.59,35,0,5.64,CF,1731004789
320,dalandzadgad,43.5708,104.425,43.23,38,0,4.5,MN,1731004790
321,mount pearl,47.5166,-52.7813,42.46,78,75,17.27,CA,1731004792
322,pombas,17.1503,-25.0201,67.95,75,31,11.1,CV,1731004793
323,freetown,8.484,-13.2299,80.64,74,0,4.23,SL,1731004691
324,lumut,4.2323,100.6298,78.82,94,20,0.0,MY,1731004795
325,otjiwarongo,-20.4637,16.6477,70.75,63,84,6.15,NA,1731004796
326,mangaratiba,-22.9597,-44.0406,77.77,85,100,9.42,BR,1731004797
327,najran,17.4924,44.1277,68.18,30,0,4.61,SA,1731004798
328,lebu,-37.6167,-73.65,57.74,53,38,13.04,CL,1731004799
329,kapiri mposhi,-13.9652,28.6809,70.48,58,8,6.78,ZM,1731004801
330,tafuna,-14.3358,-170.72,80.55,83,75,16.11,AS,1731004802
331,motygino,58.1831,94.7592,27.81,69,48,9.73,RU,1731004803
332,yakeshi,49.2833,120.7333,15.44,86,8,3.4,CN,1731004804
333,la sarre,48.8002,-79.1996,42.26,75,100,14.29,CA,1731004805
334,kanniyakumari,8.0833,77.5667,81.14,78,94,4.21,IN,1731004757
335,belmonte,-15.8631,-38.8828,76.8,85,75,10.18,BR,1731004807
336,chachapoyas,-6.2317,-77.869,68.68,67,91,2.93,PE,1731004808
337,novodvinsk,64.4165,40.8122,31.75,100,100,3.13,RU,1731004809
338,camapua,-19.5314,-54.0439,75.97,87,100,6.29,BR,1731004812
339,buka,40.8108,69.1986,43.81,49,10,3.29,UZ,1731004813
340,nazyvayevsk,55.5698,71.3529,21.83,92,100,17.74,RU,1731004814
341,kavieng,-2.5744,150.7967,80.65,79,100,3.47,PG,1731004815
342,aitape,-3.1374,142.3475,76.87,92,100,6.11,PG,1731004816
343,maibong,25.3,93.1667,63.05,97,19,0.69,IN,1731004817
344,kayangel,8.0823,134.7173,83.07,77,100,4.63,PW,1731004818
345,qamdo,31.1667,97.2333,27.18,45,75,3.06,CN,1731004819
346,rongelap,11.1635,166.8941,82.44,82,100,19.44,MH,1731004820
347,san antonio de pale,-1.4014,5.6325,78.58,81,43,5.03,GQ,1731004822
348,itaituba,-4.2761,-55.9836,95.16,52,20,0.0,BR,1731004823
349,hithadhoo,-0.6,73.0833,83.28,72,100,13.62,MV,1731004824
350,iskateley,67.6803,53.1512,21.61,95,68,10.13,RU,1731004825
351,lihue,21.9789,-159.3672,76.59,57,75,26.46,US,1731004699
352,karaman,37.0833,33.25,38.46,44,0,3.27,TR,1731004828
353,tual,-5.6667,132.75,82.83,79,100,13.35,ID,1731004829
354,miri,4.4148,114.0089,78.94,94,40,0.0,MY,1731004579
355,hola,51.5377,23.1902,39.0,75,100,3.98,PL,1731004831
356,kirkwall,58.9848,-2.9587,51.85,87,75,16.11,GB,1731004832
357,saldanha,-33.0117,17.9442,71.65,64,100,14.45,ZA,1731004833
358,angaur state,6.906,134.13,82.83,76,93,4.32,PW,1731004834
359,kalaleh,37.3807,55.4916,49.6,76,0,0.0,IR,1731004836
360,westport,41.1415,-73.3579,73.27,42,0,17.27,US,1731004790
361,porto novo,6.4965,2.6036,82.22,73,77,5.88,BJ,1731004839
362,noumea,-22.2763,166.4572,72.01,75,0,6.96,NC,1731004840
363,lysekil,58.2743,11.4358,39.02,73,29,3.89,SE,1731004841
364,rabo de peixe,37.8,-25.5833,65.71,99,20,12.66,PT,1731004842
365,waspan,14.7419,-83.9717,90.14,52,100,4.25,NI,1731004845
366,saint-francois,46.4154,3.9054,53.04,89,100,6.91,FR,1731004846
367,luderitz,-26.6481,15.1594,60.71,72,15,5.3,NA,1731004847
368,galliano,29.4422,-90.2992,77.0,94,100,6.91,US,1731004848
369,olyokminsk,60.3736,120.4264,2.64,100,98,2.57,RU,1731004849
370,suntar,62.1444,117.6319,-0.06,100,100,3.83,RU,1731004851
371,qianzhou,28.3167,109.7167,58.82,64,96,1.45,CN,1731004852
372,malango,-2.9627,119.9001,65.25,98,17,2.82,ID,1731004853
373,colac,-38.3333,143.5833,48.76,85,11,11.34,AU,1731004855
374,gornopravdinsk,60.05,69.9,19.6,90,100,9.01,RU,1731004856
375,coquimbo,-29.9533,-71.3436,64.13,65,20,13.8,CL,1731004767
376,cam ranh,11.9214,109.1591,80.56,83,40,17.27,VN,1731004858
377,port douglas,-16.4833,145.4667,72.21,84,7,4.05,AU,1731004859
378,puerto baquerizo moreno,-0.9,-89.6,77.99,89,75,12.66,EC,1731004860
379,morden,49.1919,-98.1014,44.46,57,35,14.97,CA,1731004862
380,novoishimskiy,53.1981,66.7694,15.49,94,99,7.61,KZ,1731004863
381,aras-asan,8.8908,126.3033,78.93,86,39,3.04,PH,1731004864
382,vadstena,58.4486,14.8897,39.13,81,11,3.49,SE,1731004866
383,bogande,12.9714,-0.1436,81.48,18,6,6.93,BF,1731004867
384,tilcara,-23.5776,-65.3509,52.81,77,99,8.93,AR,1731004868
385,queenstown,-31.8976,26.8753,50.95,87,47,8.46,ZA,1731004869
386,horta,38.5333,-28.6333,67.64,77,20,25.99,PT,1731004870
387,smithers,54.7804,-127.1743,43.12,100,75,4.61,CA,1731004872
388,beidao,34.5686,105.8933,55.78,80,100,3.71,CN,1731004873
389,santarem,-2.4431,-54.7083,91.53,52,20,5.75,BR,1731004874
390,anadyr,64.75,177.4833,1.9,78,75,8.95,RU,1731004875
391,sao felix do xingu,-6.6447,-51.995,86.23,57,100,6.04,BR,1731004876
392,karratha,-20.7377,116.8463,82.31,62,25,10.2,AU,1731004877
393,lazaro cardenas,17.9583,-102.2,84.79,63,100,7.14,MX,1731004878
394,trinidad,-14.8333,-64.9,85.98,66,40,3.44,BO,1731004879
395,polyarnyy,69.1989,33.4478,38.07,91,100,11.74,RU,1731004686
396,cherlak,54.155,74.8055,23.49,91,100,19.48,RU,1731004882
397,markovo,57.3206,107.0881,26.33,94,100,2.8,RU,1731004883
398,pacific grove,36.6177,-121.9166,70.65,64,0,4.61,US,1731004510
399,arraial do cabo,-22.9661,-42.0278,84.16,69,0,27.63,BR,1731004885
400,nantucket,41.2835,-70.0995,69.91,60,0,13.8,US,1731004682
401,vila franca do campo,37.7167,-25.4333,66.61,99,100,9.75,PT,1731004887
402,prince rupert,54.3161,-130.3201,53.29,93,100,34.52,CA,1731004888
403,north side,19.35,-81.2,82.06,96,100,15.12,KY,1731004889
404,kongwa,-6.2,36.4167,72.9,67,0,6.33,TZ,1731004890
405,maun,-19.9833,23.4167,82.36,42,0,6.91,BW,1731004892
406,charlottetown,46.2352,-63.1267,45.77,60,75,13.8,CA,1731004813
407,tofol,5.3248,163.0078,83.12,76,100,21.03,FM,1731004894
408,khasab,26.1799,56.2477,79.07,50,0,6.58,OM,1731004895
409,el calafate,-50.3408,-72.2768,50.77,57,99,8.86,AR,1731004621
410,mirriah,13.7073,9.1501,83.01,26,100,4.61,NE,1731004898
411,deogarh,21.5333,84.7333,69.55,77,0,0.87,IN,1731004899
412,tura,25.5198,90.2201,66.83,93,1,4.12,IN,1731004814
413,kars,40.602,43.095,28.85,74,0,2.3,TR,1731004901
414,oyem,1.5995,11.5793,69.85,97,100,1.21,GA,1731004902
415,labrador city,52.9463,-66.9114,31.17,79,75,62.01,CA,1731004903
416,camacupa,-12.0167,17.4833,62.82,93,100,3.36,AO,1731004905
417,siniscola,40.5719,9.6922,58.8,89,55,1.79,IT,1731004906
418,punta del este,-34.9667,-54.95,68.11,88,75,18.41,UY,1731004792
419,cunit,41.1983,1.6365,68.14,86,100,3.0,ES,1731004909
420,grand rapids,42.9634,-85.6681,58.44,67,20,9.22,US,1731004202
421,mukalla,14.5425,49.1242,79.63,74,14,4.81,YE,1731004912
422,beyneu,45.3167,55.2,35.8,99,100,10.78,KZ,1731004876
423,whangarei,-35.7317,174.3239,60.01,84,13,1.07,NZ,1731004914
424,bhindar,24.5,74.1833,73.17,43,1,2.77,IN,1731004915
425,brezina,33.0989,1.2608,65.14,44,0,2.95,DZ,1731004916
426,kapa'a,22.0752,-159.319,77.32,80,75,26.46,US,1731004725
427,camayenne,9.535,-13.6878,86.09,74,40,9.22,GN,1731004918
428,holualoa,19.6228,-155.9522,75.83,77,0,6.91,US,1731004919
429,aripuana,-9.1667,-60.6333,95.7,37,77,2.19,BR,1731004921
430,namtsy,62.7161,129.6658,-6.5,100,100,1.66,RU,1731004922
431,yanbu,24.0891,38.0637,84.24,48,0,4.61,SA,1731004923
432,derzhavinsk,51.1,66.3167,19.2,94,100,12.26,KZ,1731004876
433,simpang,-1.2667,104.0833,73.42,99,94,2.17,ID,1731004925
434,bestobe,52.4994,73.0975,26.92,66,100,25.34,KZ,1731004926
435,el granada,37.5027,-122.4694,67.42,25,0,5.75,US,1731004927
436,kupino,54.3663,77.2981,24.78,82,100,20.33,RU,1731004932
437,trinity beach,-16.7888,145.6968,69.69,88,40,9.22,AU,1731004933
438,tyukalinsk,55.8732,72.1967,22.46,92,100,17.67,RU,1731004934
439,egilsstadir,65.2653,-14.3948,53.51,66,0,25.32,IS,1731004935
440,aral,40.5156,81.2636,51.51,36,64,3.42,CN,1731004936
441,centralia,46.7162,-122.9543,48.85,95,0,0.0,US,1731004737
442,margate,51.3813,1.3862,50.7,83,0,1.99,GB,1731004929
443,george town,5.4112,100.3354,82.33,87,20,3.44,MY,1731004861
444,eraan,9.0629,117.7016,78.13,88,27,2.95,PH,1731004941
445,praia,14.9215,-23.5087,79.79,71,34,10.58,CV,1731004942
446,newman,37.3138,-121.0208,62.04,35,0,1.99,US,1731004943
447,mutuali,-14.8706,37.0044,77.54,61,21,9.4,MZ,1731004944
448,ryotsu-minato,38.0833,138.4333,47.59,57,91,4.85,JP,1731004945
449,ungsang-nodongjagu,42.3578,130.4622,31.28,69,100,5.26,KP,1731004946
450,tinogasta,-28.0632,-67.5649,78.33,41,83,6.06,AR,1731004947
451,williamsburg,37.2707,-76.7075,80.89,68,20,6.91,US,1731004948
452,toamasina,-18.1667,49.3833,73.4,94,40,2.3,MG,1731004949
453,reggane,26.7158,0.1714,81.07,16,0,9.69,DZ,1731004950
454,sultanpur,26.2667,82.0667,74.48,54,0,1.39,IN,1731004952
455,nanyamba,-10.6833,39.8333,74.23,89,100,4.07,TZ,1731004953
456,yellandu,17.6,80.3333,69.28,74,5,3.02,IN,1731004954
457,salinopolis,-0.6136,-47.3561,82.63,74,92,15.08,BR,1731004955
458,flin flon,54.7682,-101.865,42.64,52,20,18.41,CA,1731004957
459,tazovsky,67.4667,78.7,7.52,99,99,3.29,RU,1731004958
460,mersa matruh,31.3525,27.2453,70.0,73,40,13.8,EG,1731004959
461,kananga,-5.8958,22.4178,70.2,92,45,1.45,CD,1731004960
462,miranda,3.2499,-76.2281,78.87,71,100,3.89,CO,1731004962
463,belomorsk,64.5232,34.7668,38.52,85,13,9.8,RU,1731004963
464,barah,13.7,30.3667,80.19,28,0,12.24,SD,1731004964
465,kloulklubed,7.0419,134.2556,83.25,76,53,5.08,PW,1731004965
466,nema,57.5067,50.5011,29.93,97,100,8.81,RU,1731004966
467,nyagan,62.1406,65.3936,9.93,96,72,3.83,RU,1731004967
468,nagqu,31.5,92.0,22.89,25,0,3.27,CN,1731004968
469,eyl,7.9803,49.8164,80.64,75,0,12.93,SO,1731004969
470,vega de alatorre,20.0333,-96.6333,82.27,80,38,6.73,MX,1731004972
471,namsos,64.4662,11.4957,46.31,100,75,3.44,NO,1731004973
472,tashtyp,52.7939,89.8983,31.17,57,96,10.63,RU,1731004974
473,tharad,24.3961,71.6267,79.83,48,1,4.23,IN,1731004975
474,shangzhi,45.2167,127.9667,27.09,40,84,2.75,CN,1731004976
475,napanee,44.2501,-76.9494,55.58,36,0,11.59,CA,1731004954
476,marquette,46.5333,-87.6335,49.82,67,8,18.01,US,1731004808
477,ruelle-sur-touvre,45.6833,0.2333,57.87,94,0,9.22,FR,1731004979
478,mandawar,29.5,78.1333,68.18,59,0,3.74,IN,1731004980
479,pimenta bueno,-11.6725,-61.1936,81.07,87,100,5.5,BR,1731004982
480,lamu,-2.2717,40.902,79.72,85,54,10.74,KE,1731004983
481,mana,5.6592,-53.7767,84.7,72,99,15.5,GF,1731004984
482,guarapari,-20.6667,-40.4975,77.47,79,16,17.65,BR,1731004985
483,nadi,-17.8,177.4167,75.2,73,75,8.05,FJ,1731004986
484,mili,6.0815,171.735,84.42,69,100,19.6,MH,1731004987
485,thabazimbi,-24.5917,27.4116,70.84,68,100,8.75,ZA,1731004988
486,kiunga,-6.1219,141.2906,72.16,99,99,1.77,PG,1731004989
487,tanumah,27.1,44.1333,70.3,40,21,14.63,SA,1731004991
488,salinas,36.6777,-121.6555,71.06,38,0,19.57,US,1731004489
489,victorica,-36.2151,-65.4359,76.42,31,88,14.67,AR,1731004994
490,boende,-0.2167,20.8667,73.8,87,100,2.55,CD,1731004995
491,visby,57.6409,18.296,43.02,93,0,3.44,SE,1731004946
492,macau,22.2006,113.5461,73.13,56,0,11.5,MO,1731004997
493,vernon,50.2581,-119.2691,46.44,62,34,1.14,CA,1731004998
494,ad duraykish,34.8967,36.1329,64.35,55,0,16.11,SY,1731005000
495,mantua,45.1667,10.7833,47.98,93,16,2.04,IT,1731005001
496,myski,53.709,87.8014,32.0,51,89,12.97,RU,1731005002
497,tughyl,47.7252,84.2063,35.15,74,100,9.84,KZ,1731005003
498,luba,3.4568,8.5547,79.07,85,100,4.92,GQ,1731005004
499,canutama,-6.5339,-64.3831,97.14,37,100,3.4,BR,1731005005
500,kingscliff,-28.2667,153.5667,75.0,94,100,5.75,AU,1731005006
501,takab,36.4009,47.1133,43.52,56,0,2.26,IR,1731005007
502,nuuk,64.1835,-51.7216,21.81,53,75,5.75,GL,1731004953
503,athens,37.9795,23.7162,59.16,60,20,11.5,GR,1731004913
504,karasu,41.071,30.7854,51.26,75,0,5.84,TR,1731005011
505,baoqing,46.3317,132.2111,14.32,77,91,5.91,CN,1731005012
506,anton lizardo,19.05,-95.9833,87.22,79,100,7.49,MX,1731005014
507,sona,45.4388,10.8255,41.92,100,16,2.3,IT,1731005015
508,borogontsy,62.6683,131.1683,-10.32,100,100,1.43,RU,1731005017
509,contamana,-7.3333,-75.0167,100.11,31,83,4.63,PE,1731005018
510,kalianget,-7.05,113.9333,82.72,74,46,5.82,ID,1731005019
511,fort st. john,56.2499,-120.8529,37.29,93,100,16.11,CA,1731005020
512,gamarra,8.3228,-73.7427,90.32,55,100,6.44,CO,1731005021
513,pirajui,-21.9986,-49.4572,70.23,96,100,5.97,BR,1731005022
514,okakarara,-20.5833,17.4333,73.9,57,81,4.38,NA,1731005023
515,al bayda',32.7627,21.7551,56.34,78,15,7.87,LY,1731005025
516,moyale,3.5167,39.0584,74.59,49,10,15.1,KE,1731005026
517,harpswell center,43.8018,-69.9842,61.23,58,100,7.0,US,1731005027
518,hassi messaoud,31.6804,6.0729,76.86,33,75,4.61,DZ,1731005028
519,saint-joseph,-21.3667,55.6167,73.78,80,42,11.7,RE,1731004813
520,blenheim,-41.516,173.9528,63.52,78,3,4.0,NZ,1731005030
521,ad dawadimi,24.5077,44.3924,76.35,32,57,16.87,SA,1731005031
522,la ronge,55.1001,-105.2842,43.05,61,20,18.41,CA,1731005032
523,quiberon,47.4841,-3.1196,49.1,80,0,15.84,FR,1731005034
524,ain sukhna,29.6002,32.3167,70.74,78,5,6.89,EG,1731005035
525,salahonda,2.1019,-78.7217,78.98,81,88,16.91,CO,1731005036
526,saynshand,44.8824,110.1163,37.87,54,22,3.36,MN,1731005037
527,pisco,-13.7,-76.2167,68.05,77,100,5.75,PE,1731005038
528,tlapacoyan,19.9667,-97.2167,83.19,73,87,4.94,MX,1731005039
529,nabire,-3.3667,135.4833,76.03,91,100,2.35,ID,1731005040
530,pacora,9.0833,-79.2833,85.98,74,40,10.36,PA,1731005041
531,yelovo,57.0538,54.9207,24.82,96,94,9.37,RU,1731005042
532,vershino-darasunskiy,52.35,115.5167,11.79,95,25,3.06,RU,1731005043
533,bezhetsk,57.7851,36.6965,38.75,90,100,11.43,RU,1731005045
534,tete,-16.1564,33.5867,80.74,64,66,5.41,MZ,1731005046
535,lebork,54.5392,17.7501,44.44,99,100,1.63,PL,1731005047
536,qorovulbozor,39.5006,64.7936,47.32,39,5,6.46,UZ,1731005048
537,cole harbour,44.6724,-63.4751,49.96,69,75,16.11,CA,1731005050
538,kruisfontein,-34.0033,24.7314,57.65,74,100,14.43,ZA,1731005051
539,nanga eboko,4.6833,12.3667,73.89,76,55,1.5,CM,1731005052
540,masallatah,32.6167,14.0,67.8,63,86,9.19,LY,1731005053
541,kailua-kona,19.6406,-155.9956,79.56,73,0,6.91,US,1731005055
542,taroa,8.7058,171.2275,80.06,81,100,11.88,MH,1731005056
543,bechar,31.6167,-2.2167,73.72,28,0,5.75,DZ,1731005057
544,arkhangel'sk,64.5401,40.5433,32.11,100,100,2.24,RU,1731005058
545,ploudalmezeau,48.5333,-4.65,48.58,93,20,3.44,FR,1731005059
546,hilvan,37.5869,38.9551,54.48,22,0,8.05,TR,1731005060
547,magadan,59.5667,150.8,10.78,93,100,9.26,RU,1731005061
548,ermoupolis,37.4423,24.9425,61.5,55,20,20.71,GR,1731005062
549,iwanai,42.9744,140.5089,34.9,75,100,5.17,JP,1731005063
550,brisas de zicatela,15.8369,-97.0419,88.32,70,20,5.75,MX,1731005064
551,ta`u,-14.2336,-169.5144,78.93,85,41,16.11,AS,1731005066
552,alzamay,55.5562,98.6644,31.59,94,100,3.98,RU,1731005067
553,laguna,38.421,-121.4238,64.11,41,0,1.01,US,1731005068
554,morehead city,34.7229,-76.726,78.04,88,100,4.0,US,1731005069
555,verkhovazh'ye,60.7472,42.0465,32.56,99,100,4.7,RU,1731005070
556,corner brook,48.9667,-57.9484,38.5,86,100,9.24,CA,1731004831
557,susuman,62.7833,148.1667,-29.97,100,98,0.74,RU,1731005072
558,kencong,-8.2833,113.3667,77.43,86,92,2.3,ID,1731005073
559,pionerskiy,54.9508,20.2275,42.64,85,100,5.5,RU,1731005074
560,le vauclin,14.5452,-60.8388,84.25,79,0,11.5,MQ,1731005076
561,sarakhs,36.5449,61.1577,51.37,48,35,3.15,IR,1731005077
562,mohacs,45.9931,18.6831,47.07,48,95,4.97,HU,1731005078
563,fethiye,36.6217,29.1164,60.69,82,0,4.07,TR,1731005079
564,swakopmund,-22.6833,14.5333,61.99,80,30,3.0,NA,1731005080
565,fort bragg,35.139,-79.006,78.91,72,100,4.61,US,1731005081
566,xinyuan,37.3,99.0,29.21,29,4,1.19,CN,1731005084
567,kuruman,-27.4524,23.4325,69.06,63,99,8.34,ZA,1731005085
568,maglavit,44.0333,23.1,44.44,32,0,2.77,RO,1731005086
569,tazacorte,28.629,-17.9293,73.15,86,0,8.05,ES,1731005087
570,leua,48.2156,18.6071,43.61,57,94,3.96,SK,1731005088
571,severo-yeniseyskiy,60.3725,93.0408,22.84,86,99,12.26,RU,1731005090
572,zelow,51.4645,19.2197,39.11,98,4,3.24,PL,1731005091
573,bathsheba,13.2167,-59.5167,84.81,89,40,12.66,BB,1731005092
574,puerto madero,14.7208,-92.4215,89.8,70,40,10.36,MX,1731005093
575,north bend,43.4065,-124.2243,57.16,71,0,4.61,US,1731005007
576,itamaraca,-7.7478,-34.8256,80.64,65,100,11.25,BR,1731005095
577,broken hill,-31.95,141.4333,56.12,53,0,11.43,AU,1731004798
578,castillos,-34.1667,-53.8333,67.48,58,2,13.91,UY,1731005097
579,nuku'alofa,-21.1333,-175.2,68.34,94,75,2.3,TO,1731005099
580,waingapu,-9.6567,120.2641,81.19,77,100,0.85,ID,1731005100
581,elliot lake,46.3834,-82.6331,47.03,63,95,10.13,CA,1731004970
582,pennsville,39.6535,-75.5166,77.09,53,54,4.0,US,1731005102
583,pawni,20.7833,79.6333,69.67,65,0,3.4,IN,1731005103
584,ugoofaaru,5.6667,73.0,81.79,72,100,0.63,MV,1731005104
585,mahina,-17.5065,-149.489,78.57,89,75,3.44,PF,1731005105
586,baoma,31.4859,106.1128,61.56,84,100,0.87,CN,1731005106
587,hasaki,35.7333,140.8333,55.81,59,3,19.3,JP,1731005109
588,sur,22.5667,59.5289,80.71,55,0,2.84,OM,1731005110
589,nueva gerona,21.8833,-82.8,83.93,73,100,15.77,CU,1731005111
590,cabanglasan,8.1214,125.3275,68.52,98,43,1.79,PH,1731005112
591,port isabel,26.0734,-97.2086,86.07,72,0,16.11,US,1731005056
592,nar'yan-mar,67.6713,53.087,21.65,95,73,10.11,RU,1731005114
593,rikaze,29.25,88.8833,36.86,37,0,4.41,CN,1731005115
594,dul'durga,50.6761,113.5931,26.56,65,0,3.33,RU,1731005116
595,haparanda,65.8355,24.1368,35.65,87,55,3.83,SE,1731005118
596,kristiansund,63.1115,7.732,48.13,81,0,4.61,NO,1731005119
597,san pedro pochutla,15.7333,-96.4667,92.91,61,96,5.84,MX,1731005120
598,namdrik,5.5994,168.1028,83.01,74,98,12.15,MH,1731005122
599,gulf shores,30.246,-87.7008,83.43,79,75,10.36,US,1731005003
600,alytus,54.4,24.05,43.66,86,100,4.59,LT,1731005124
